<?xml version="1.0" encoding="utf-8" ?>
<Patch>
  <Operation Class="PatchOperationAdd">
    <xpath>/Defs/ScenarioDef[defName="Crashlanded"]/scenario/parts</xpath>
    <value>
      <li Class="ScenPart_StartingThing_Defined">
        <def>StartingThing_Defined</def>
        <thingDef>LockedDatadisk</thingDef>
        <count>5</count>
      </li>
    </value>
  </Operation>
  <Operation Class="PatchOperationAdd">
    <xpath>/Defs/ScenarioDef[defName="LostTribe"]/scenario/parts</xpath>
    <value>
      <li Class="ScenPart_StartingThing_Defined">
        <def>StartingThing_Defined</def>
        <thingDef>LockedDatadisk</thingDef>
        <count>5</count>
      </li>
    </value>
  </Operation>
  <Operation Class="PatchOperationAdd">
    <xpath>/Defs/ScenarioDef[defName="TheRichExplorer"]/scenario/parts</xpath>
    <value>
      <li Class="ScenPart_StartingThing_Defined">
        <def>StartingThing_Defined</def>
        <thingDef>LockedDatadisk</thingDef>
        <count>5</count>
      </li>
    </value>
  </Operation>
</Patch>