<?xml version="1.0" encoding="utf-8" ?>
<Defs>

  <ThingDef ParentName="ResourceBase">
    <defName>LockedDatadisk</defName>
    <label>Encrypted datadisk</label>
    <description>An old Glitterworld datadisk that must've fell from a crashlanding spacecraft. The ancient locking mechanisms are still active after countless years, and must be bypassed if you wish to determine its contents.</description>
    <graphicData>
      <texPath>Things/Item/Datadisks/Locked</texPath>
      <graphicClass>Graphic_StackCount</graphicClass>
    </graphicData>
    <resourceReadoutPriority>First</resourceReadoutPriority>
    <soundInteract>Metal_Drop</soundInteract>
    <soundDrop>Metal_Drop</soundDrop>
    <useHitPoints>false</useHitPoints>
    <resourceReadoutAlwaysShow>true</resourceReadoutAlwaysShow>
    <statBases>
      <MarketValue>150</MarketValue>
      <Mass>0.008</Mass>
      <MaxHitPoints>35</MaxHitPoints>
    </statBases>
    <thingCategories>
      <li>Items</li>
    </thingCategories>
    <stackLimit>20</stackLimit>
    <smallVolume>true</smallVolume>
    <deepCommonality>0.5</deepCommonality>
    <deepCountPerPortion>40</deepCountPerPortion>
    <deepLumpSizeRange>
      <min>2</min>
      <max>10</max>
    </deepLumpSizeRange>
    <tradeTags>
      <li>ExoticMisc</li>
    </tradeTags>
  </ThingDef>

  <ThingDef ParentName="ResourceBase">
    <defName>ResearchDatadisk</defName>
    <label>Research datadisk</label>
    <description>A Glitterworld datadisk that has been successfully unlocked. It contains valuable research data.</description>
    <graphicData>
      <texPath>Things/Item/Datadisks/Rare</texPath>
      <graphicClass>Graphic_StackCount</graphicClass>
    </graphicData>
    <resourceReadoutPriority>First</resourceReadoutPriority>
    <soundInteract>Metal_Drop</soundInteract>
    <soundDrop>Metal_Drop</soundDrop>
    <useHitPoints>false</useHitPoints>
    <resourceReadoutAlwaysShow>true</resourceReadoutAlwaysShow>
    <statBases>
      <MarketValue>450</MarketValue>
      <Mass>0.008</Mass>
      <MaxHitPoints>35</MaxHitPoints>
    </statBases>
    <thingCategories>
      <li>Items</li>
    </thingCategories>
    <stackLimit>20</stackLimit>
    <smallVolume>true</smallVolume>
    <deepCommonality>0.5</deepCommonality>
    <deepCountPerPortion>40</deepCountPerPortion>
    <deepLumpSizeRange>
      <min>2</min>
      <max>10</max>
    </deepLumpSizeRange>
  </ThingDef>

  <ThingDef ParentName="ResourceBase">
    <defName>UselessDatadisk</defName>
    <label>Useless datadisk</label>
    <description>A Glitterworld datadisk that has been successfully unlocked. Unfortunately, the disk is either broken or contains nothing of value.</description>
    <graphicData>
      <texPath>Things/Item/Datadisks/Common</texPath>
      <graphicClass>Graphic_StackCount</graphicClass>
    </graphicData>
    <resourceReadoutPriority>First</resourceReadoutPriority>
    <soundInteract>Metal_Drop</soundInteract>
    <soundDrop>Metal_Drop</soundDrop>
    <useHitPoints>false</useHitPoints>
    <resourceReadoutAlwaysShow>true</resourceReadoutAlwaysShow>
    <statBases>
      <MarketValue>30</MarketValue>
      <Mass>0.008</Mass>
      <MaxHitPoints>35</MaxHitPoints>
    </statBases>
    <thingCategories>
      <li>Items</li>
    </thingCategories>
    <stackLimit>20</stackLimit>
    <smallVolume>true</smallVolume>
    <deepCommonality>0.5</deepCommonality>
    <deepCountPerPortion>40</deepCountPerPortion>
    <deepLumpSizeRange>
      <min>2</min>
      <max>10</max>
    </deepLumpSizeRange>
  </ThingDef>

  <ThingDef ParentName="ResourceBase">
    <defName>ValuableDatadisk</defName>
    <label>Valuable datadisk</label>
    <description>A Glitterworld datadisk that has been successfully unlocked. The disk contains valuable data which may fetch a high price with certain traders.</description>
    <graphicData>
      <texPath>Things/Item/Datadisks/SuperRare</texPath>
      <graphicClass>Graphic_StackCount</graphicClass>
    </graphicData>
    <resourceReadoutPriority>First</resourceReadoutPriority>
    <soundInteract>Metal_Drop</soundInteract>
    <soundDrop>Metal_Drop</soundDrop>
    <useHitPoints>false</useHitPoints>
    <resourceReadoutAlwaysShow>true</resourceReadoutAlwaysShow>
    <statBases>
      <MarketValue>1500</MarketValue>
      <Mass>0.008</Mass>
      <MaxHitPoints>35</MaxHitPoints>
    </statBases>
    <thingCategories>
      <li>Items</li>
    </thingCategories>
    <stackLimit>20</stackLimit>
    <smallVolume>true</smallVolume>
    <deepCommonality>0.5</deepCommonality>
    <deepCountPerPortion>40</deepCountPerPortion>
    <deepLumpSizeRange>
      <min>2</min>
      <max>10</max>
    </deepLumpSizeRange>
  </ThingDef>
  
  
</Defs>