<?xml version="1.0" encoding="utf-8" ?>
<Defs>
<!--COSTS BASED ON INDUSTRIAL TECH LEVEL
    Will probs need to start checking proj pre reqs during selection
    800 and below = small
    800 to 2k = medium
    2k and above = large-->



  <RecipeDef>
    <defName>SmallMechanicalResearch</defName>
    <label>small mechanical research project</label>
    <description>A small research project based on various mechanical fields. Will help advance the colony's knowledge on mechanical subjects. 
    Requires: 75 Steel, 3 Components.</description>
    <jobString>Performing small mechanical experiment.</jobString>
    <workAmount>1750</workAmount>
    <workSpeedStat>ResearchSpeed</workSpeedStat>
    <effectWorking>Smelt</effectWorking>
    <soundWorking>Recipe_Smelt</soundWorking>
    <unfinishedThingDef>UnfinishedExperiment</unfinishedThingDef>
    <ingredients>
      <li>
        <filter>
          <thingDefs>
            <li>Steel</li>
          </thingDefs>
        </filter>
        <count>75</count>
      </li>
      <li>
        <filter>
          <thingDefs>
            <li>ComponentIndustrial</li>
          </thingDefs>
        </filter>
        <count>3</count>
      </li>
    </ingredients>
    <products>
      <FinishedExperiment>1</FinishedExperiment>
    </products>
    <fixedIngredientFilter>
      <thingDefs>
        <li>Steel</li>
        <li>ComponentIndustrial</li>
      </thingDefs>
    </fixedIngredientFilter>
    <modExtensions>
      <li Class="ImmersiveResearch.ResearchDefModExtension">
        <researchTypes>
          <li>Mechanical</li>
        </researchTypes>
        <ResearchSize>
          Small
        </ResearchSize>
      </li>
    </modExtensions>
  </RecipeDef>

  <RecipeDef>
    <defName>MediumMechanicalResearch</defName>
    <label>Medium mechanical research project</label>
    <description>A medium-sized research project based on various mechanical fields. Will help advance the colony's knowledge on mechanical subjects. 
    Requires: 500 Steel, 10 Components, 10 Gold.</description>
    <jobString>Performing medium mechanical experiment.</jobString>
    <workAmount>4500</workAmount>
    <workSpeedStat>ResearchSpeed</workSpeedStat>
    <effectWorking>Smelt</effectWorking>
    <soundWorking>Recipe_Smelt</soundWorking>
    <unfinishedThingDef>UnfinishedExperiment</unfinishedThingDef>
    <ingredients>
      <li>
        <filter>
          <thingDefs>
            <li>Steel</li>
          </thingDefs>
        </filter>
        <count>500</count>
      </li>
      <li>
        <filter>
          <thingDefs>
            <li>Gold</li>
          </thingDefs>
        </filter>
        <count>1</count>
      </li>
      <li>
        <filter>
          <thingDefs>
            <li>ComponentIndustrial</li>
          </thingDefs>
        </filter>
        <count>10</count>
      </li>
    </ingredients>
    <products>
      <FinishedExperiment>1</FinishedExperiment>
    </products>
    <fixedIngredientFilter>
      <thingDefs>
        <li>Steel</li>
        <li>Gold</li>
        <li>ComponentIndustrial</li>
      </thingDefs>
    </fixedIngredientFilter>
    <modExtensions>
      <li Class="ImmersiveResearch.ResearchDefModExtension">
        <researchTypes>
          <li>Mechanical</li>
        </researchTypes>
        <ResearchSize>
          Medium
        </ResearchSize>
      </li>
    </modExtensions>
  </RecipeDef>

  <RecipeDef>
    <defName>LargeMechanicalResearch</defName>
    <label>Large mechanical research project</label>
    <description>A large research project based on various mechanical fields. Will greatly help advance the colony's knowledge on mechanical subjects. 
    Requires: 750 Steel, 15 Components, 50 Plasteel, 25 Gold.</description>
    <jobString>Performing large mechanical experiment.</jobString>
    <workAmount>7500</workAmount>
    <workSpeedStat>ResearchSpeed</workSpeedStat>
    <effectWorking>Smelt</effectWorking>
    <soundWorking>Recipe_Smelt</soundWorking>
    <unfinishedThingDef>UnfinishedExperiment</unfinishedThingDef>
    <ingredients>
      <li>
        <filter>
          <thingDefs>
            <li>Steel</li>
          </thingDefs>
        </filter>
        <count>750</count>
      </li>
      <li>
        <filter>
          <thingDefs>
            <li>ComponentIndustrial</li>
          </thingDefs>
        </filter>
        <count>15</count>
      </li>
      <li>
        <filter>
          <thingDefs>
            <li>Plasteel</li>
          </thingDefs>
        </filter>
        <count>50</count>
      </li>
      <li>
        <filter>
          <thingDefs>
            <li>Gold</li>
          </thingDefs>
        </filter>
        <count>2.5</count>
      </li>
    </ingredients>
    <products>
      <FinishedExperiment>1</FinishedExperiment>
    </products>
    <fixedIngredientFilter>
      <thingDefs>
        <li>Steel</li>
        <li>ComponentIndustrial</li>
        <li>Plasteel</li>
        <li>Gold</li>
      </thingDefs>
    </fixedIngredientFilter>
    <modExtensions>
      <li Class="ImmersiveResearch.ResearchDefModExtension">
        <researchTypes>
          <li>Mechanical</li>
        </researchTypes>
        <ResearchSize>
          Large
        </ResearchSize>
      </li>
    </modExtensions>
  </RecipeDef>


<!-- Textiles -->


<RecipeDef>
    <defName>SmallTextilesResearch</defName>
    <label>small textiles research project</label>
    <description>A small research project based on various textile assembly trades. Will help advance the colony's knowledge on the creation of various items from fabrics and cloths. 
    Requires: 50 Leather.</description>
    <jobString>Performing small textiles experiment.</jobString>
    <workAmount>1600</workAmount>
    <workSpeedStat>ResearchSpeed</workSpeedStat>
    <effectWorking>Tailor</effectWorking>
    <soundWorking>Recipe_Tailor</soundWorking>
    <unfinishedThingDef>UnfinishedExperiment</unfinishedThingDef>
    <ingredients>
      <li>
        <filter>
          <categories>
            <li>Leathers</li>
          </categories>
          <disallowedThingDefs>
            <li>Leather_Thrumbo</li>
          </disallowedThingDefs>
        </filter>
        <count>50</count>
      </li>
    </ingredients>
    <products>
      <FinishedExperiment>1</FinishedExperiment>
    </products>
    <fixedIngredientFilter>
      <categories>
        <li>Leathers</li>
      </categories>
      <disallowedThingDefs>
        <li>Leather_Patch</li>
        <li>Leather_Human</li>
      </disallowedThingDefs>
    </fixedIngredientFilter>
    <modExtensions>
      <li Class="ImmersiveResearch.ResearchDefModExtension">
        <researchTypes>
          <li>Textiles</li>
        </researchTypes>
        <ResearchSize>
          Small
        </ResearchSize>
      </li>
    </modExtensions>
  </RecipeDef>



<!-- Cultural -->


<RecipeDef>
    <defName>SmallCulturalResearch</defName>
    <label>small cultural research project</label>
    <description>A small research project based on anthropology. Will help advance the colony's knowledge on the creation of various items that will provide social benefits for colonists and lords. 
    Requires: 75 Leather.</description>
    <jobString>Performing small textiles experiment.</jobString>
    <workAmount>1600</workAmount>
    <workSpeedStat>ResearchSpeed</workSpeedStat>
    <effectWorking>Tailor</effectWorking>
    <soundWorking>Recipe_Tailor</soundWorking>
    <unfinishedThingDef>UnfinishedExperiment</unfinishedThingDef>
    <ingredients>
      <li>
        <filter>
          <categories>
            <li>Leathers</li>
          </categories>
          <disallowedThingDefs>
            <li>Leather_Thrumbo</li>
          </disallowedThingDefs>
        </filter>
        <count>75</count>
      </li>
    </ingredients>
    <products>
      <FinishedExperiment>1</FinishedExperiment>
    </products>
    <fixedIngredientFilter>
      <categories>
        <li>Leathers</li>
      </categories>
      <disallowedThingDefs>
        <li>Leather_Patch</li>
        <li>Leather_Human</li>
      </disallowedThingDefs>
    </fixedIngredientFilter>
    <modExtensions>
      <li Class="ImmersiveResearch.ResearchDefModExtension">
        <researchTypes>
          <li>Cultural</li>
        </researchTypes>
        <ResearchSize>
          Small
        </ResearchSize>
      </li>
    </modExtensions>
  </RecipeDef>

<RecipeDef>
    <defName>MediumCulturalResearch</defName>
    <label>medium cultural research project</label>
    <description>A medium-sized research project based on anthropology. Will help advance the colony's knowledge on the creation of various items that will provide social benefits for colonists and lords. 
    Requires: 100 Leather, 50 steel, 1 component.</description>
    <jobString>Performing small textiles experiment.</jobString>
    <workAmount>4500</workAmount>
    <workSpeedStat>ResearchSpeed</workSpeedStat>
    <effectWorking>Tailor</effectWorking>
    <soundWorking>Recipe_Tailor</soundWorking>
    <unfinishedThingDef>UnfinishedExperiment</unfinishedThingDef>
    <ingredients>
      <li>
        <filter>	  
          <categories>
            <li>Leathers</li>
          </categories>
          <disallowedThingDefs>
            <li>Leather_Thrumbo</li>
          </disallowedThingDefs>
        </filter>
        <count>100</count>
      </li>
      <li>
        <filter>
          <thingDefs>
            <li>Steel</li>
          </thingDefs>
        </filter>
        <count>50</count>
      </li>
      <li>
        <filter>
          <thingDefs>
            <li>ComponentIndustrial</li>
          </thingDefs>
        </filter>
        <count>1</count>
      </li>
    </ingredients>
    <products>
      <FinishedExperiment>1</FinishedExperiment>
    </products>
    <fixedIngredientFilter>
      <categories>
        <li>Leathers</li>
      </categories>
      <thingDefs>
        <li>Steel</li>
        <li>ComponentIndustrial</li>
      </thingDefs>
      <disallowedThingDefs>
        <li>Leather_Patch</li>
        <li>Leather_Human</li>
      </disallowedThingDefs>
    </fixedIngredientFilter>
    <modExtensions>
      <li Class="ImmersiveResearch.ResearchDefModExtension">
        <researchTypes>
          <li>Cultural</li>
        </researchTypes>
        <ResearchSize>
          Medium
        </ResearchSize>
      </li>
    </modExtensions>
  </RecipeDef>

<RecipeDef>
    <defName>LargeCulturalResearch</defName>
    <label>large cultural research project</label>
    <description>A large research project based on anthropology. Will help advance the colony's knowledge on the creation of various items that will provide social benefits for colonists and lords. 
    Requires: 150 Leather, 200 steel, 5 components.</description>
    <jobString>Performing small textiles experiment.</jobString>
    <workAmount>1600</workAmount>
    <workSpeedStat>ResearchSpeed</workSpeedStat>
    <effectWorking>Tailor</effectWorking>
    <soundWorking>Recipe_Tailor</soundWorking>
    <unfinishedThingDef>UnfinishedExperiment</unfinishedThingDef>
        <ingredients>
      <li>
        <filter>	  
          <categories>
            <li>Leathers</li>
          </categories>
          <disallowedThingDefs>
            <li>Leather_Thrumbo</li>
          </disallowedThingDefs>
        </filter>
        <count>150</count>
      </li>
      <li>
        <filter>
          <thingDefs>
            <li>Steel</li>
          </thingDefs>
        </filter>
        <count>200</count>
      </li>
      <li>
        <filter>
          <thingDefs>
            <li>ComponentIndustrial</li>
          </thingDefs>
        </filter>
        <count>5</count>
      </li>
    </ingredients>
    <products>
      <FinishedExperiment>1</FinishedExperiment>
    </products>
    <fixedIngredientFilter>
      <categories>
        <li>Leathers</li>
      </categories>
      <thingDefs>
        <li>Steel</li>
        <li>ComponentIndustrial</li>
      </thingDefs>
      <disallowedThingDefs>
        <li>Leather_Patch</li>
        <li>Leather_Human</li>
      </disallowedThingDefs>
    </fixedIngredientFilter>
    <modExtensions>
      <li Class="ImmersiveResearch.ResearchDefModExtension">
        <researchTypes>
          <li>Cultural</li>
        </researchTypes>
        <ResearchSize>
          Large
        </ResearchSize>
      </li>
    </modExtensions>
  </RecipeDef>


<!-- Biological -->


  <RecipeDef>
    <defName>SmallBiologicalResearch</defName>
    <label>Small biological research project</label>
    <description>A small-sized research project based on the biological sciences. Will help advance the colony's knowledge on various fields, such as farming and botany. 
    Requires: 100 Raw plant matter.</description>
    <jobString>Performing small biological experiment.</jobString>
    <workAmount>1750</workAmount>
    <workSpeedStat>ResearchSpeed</workSpeedStat>
    <effectWorking>Smelt</effectWorking>
    <soundWorking>Recipe_CookMeal</soundWorking>
    <unfinishedThingDef>UnfinishedExperiment</unfinishedThingDef>
    <ingredients>
      <li>
        <filter>
          <categories>
            <li>PlantFoodRaw</li>
          </categories>
        </filter>
        <count>100</count>
      </li>
    </ingredients>
    <products>
      <FinishedExperiment>1</FinishedExperiment>
    </products>
    <fixedIngredientFilter>
      <categories>
        <li>PlantFoodRaw</li>
      </categories>
    </fixedIngredientFilter>
    <modExtensions>
      <li Class="ImmersiveResearch.ResearchDefModExtension">
        <researchTypes>
          <li>Biological</li>
        </researchTypes>
        <ResearchSize>
          Small
        </ResearchSize>
      </li>
    </modExtensions>
  </RecipeDef>
  
  <RecipeDef>
    <defName>MediumBiologicalResearch</defName>
    <label>Medium biological research project</label>
    <description>A medium-sized research project based on the biological sciences. Will help advance the colony's knowledge on the flora and fauna of this alien world.
    Requires: 400 Raw plant matter, 30 Insect Jelly.</description>
    <jobString>Performing medium biological experiment.</jobString>
    <workAmount>4000</workAmount>
    <workSpeedStat>ResearchSpeed</workSpeedStat>
    <effectWorking>Smelt</effectWorking>
    <soundWorking>Recipe_CookMeal</soundWorking>
    <unfinishedThingDef>UnfinishedExperiment</unfinishedThingDef>
    <ingredients>
      <li>
        <filter>
          <categories>
            <li>PlantFoodRaw</li>
          </categories>
        </filter>
        <count>400</count>
      </li>
      <li>
        <filter>
          <thingDefs>
            <li>InsectJelly</li>
          </thingDefs>
        </filter>
        <count>30</count>
      </li>
    </ingredients>
    <products>
      <FinishedExperiment>1</FinishedExperiment>
    </products>
    <fixedIngredientFilter>
      <categories>
        <li>PlantFoodRaw</li>
      </categories>
      <thingDefs>
        <li>InsectJelly</li>
      </thingDefs>
    </fixedIngredientFilter>
    <modExtensions>
      <li Class="ImmersiveResearch.ResearchDefModExtension">
        <researchTypes>
          <li>Biological</li>
        </researchTypes>
        <ResearchSize>
          Medium
        </ResearchSize>
      </li>
    </modExtensions>
  </RecipeDef>
  
  <RecipeDef>
    <defName>LargeBiologicalResearch</defName>
    <label>Large biological research project</label>
    <description>A large research project based on the biological sciences. Will greatly advance the colony's knowledge on advanced biological fields. 
    Requires: 800 Raw plant matter, 100 Insect jelly.</description>
    <jobString>Performing large biological experiment.</jobString>
    <workAmount>7000</workAmount>
    <workSpeedStat>ResearchSpeed</workSpeedStat>
    <effectWorking>Smelt</effectWorking>
    <soundWorking>Recipe_CookMeal</soundWorking>
    <unfinishedThingDef>UnfinishedExperiment</unfinishedThingDef>
    <ingredients>
      <li>
        <filter>
          <categories>
            <li>PlantFoodRaw</li>
          </categories>
        </filter>
        <count>800</count>
      </li>
      <li>
        <filter>
          <thingDefs>
            <li>InsectJelly</li>
          </thingDefs>
        </filter>
        <count>100</count>
      </li>
    </ingredients>
    <products>
      <FinishedExperiment>1</FinishedExperiment>
    </products>
    <fixedIngredientFilter>
      <categories>
        <li>PlantFoodRaw</li>
      </categories>
      <thingDefs>
        <li>InsectJelly</li>
      </thingDefs>
    </fixedIngredientFilter>
    <modExtensions>
      <li Class="ImmersiveResearch.ResearchDefModExtension">
        <researchTypes>
          <li>Biological</li>
        </researchTypes>
        <ResearchSize>
            Large
        </ResearchSize>
      </li>
    </modExtensions>
  </RecipeDef>


<!-- Construction -->


  <RecipeDef>
    <defName>SmallConstructionResearch</defName>
    <label>Small construction research project</label>
    <description>A small-sized research project based on basic construction techniques. Will help advance the colony's knowledge on building structures. 
    Requires: 200 Wood, 50 Steel.</description>
    <jobString>Performing small construction experiment.</jobString>
    <workAmount>1750</workAmount>
    <workSpeedStat>ResearchSpeed</workSpeedStat>
    <effectWorking>Smelt</effectWorking>
    <soundWorking>Recipe_MakeStoneBlocks</soundWorking>
    <unfinishedThingDef>UnfinishedExperiment</unfinishedThingDef>
    <ingredients>
      <li>
        <filter>
          <thingDefs>
            <li>WoodLog</li>
          </thingDefs>
        </filter>
        <count>200</count>
      </li>
      <li>
        <filter>
          <thingDefs>
            <li>Steel</li>
          </thingDefs>
        </filter>
        <count>50</count>
      </li>
    </ingredients>
    <products>
      <FinishedExperiment>1</FinishedExperiment>
    </products>
    <fixedIngredientFilter>
      <thingDefs>
        <li>Steel</li>
        <li>WoodLog</li>
      </thingDefs>
    </fixedIngredientFilter>
    <modExtensions>
      <li Class="ImmersiveResearch.ResearchDefModExtension">
        <researchTypes>
          <li>Construction</li>
        </researchTypes>
        <ResearchSize>
          Small
        </ResearchSize>
      </li>
    </modExtensions>
  </RecipeDef>

  <RecipeDef>
    <defName>MediumConstructionResearch</defName>
    <label>Medium construction research project</label>
    <description>A medium-sized research project based on intermediate construction techniques. Will help advance the colony's knowledge on building more complex structures. 
    Requires: 100 Any stone block, 100 Steel, 300 Wood.</description>
    <jobString>Performing  experiment.</jobString>
    <workAmount>4500</workAmount>
    <workSpeedStat>ResearchSpeed</workSpeedStat>
    <effectWorking>Smelt</effectWorking>
    <soundWorking>Recipe_MakeStoneBlocks</soundWorking>
    <unfinishedThingDef>UnfinishedExperiment</unfinishedThingDef>
    <ingredients>
      <li>
        <filter>
          <categories>
            <li>StoneBlocks</li>
          </categories>
        </filter>
        <count>100</count>
      </li>
      <li>
        <filter>
          <thingDefs>
            <li>Steel</li>
          </thingDefs>
        </filter>
        <count>100</count>
      </li>
      <li>
        <filter>
          <thingDefs>
            <li>WoodLog</li>
          </thingDefs>
        </filter>
        <count>300</count>
      </li>
    </ingredients>
    <products>
      <FinishedExperiment>1</FinishedExperiment>
    </products>
    <fixedIngredientFilter>
      <thingDefs>
        <li>Steel</li>
        <li>WoodLog</li>
      </thingDefs>
      <categories>
        <li>StoneBlocks</li>
      </categories>
    </fixedIngredientFilter>
    <modExtensions>
      <li Class="ImmersiveResearch.ResearchDefModExtension">
        <researchTypes>
          <li>Construction</li>
        </researchTypes>
        <ResearchSize>
          Medium
        </ResearchSize>
      </li>
    </modExtensions>
  </RecipeDef>

  <RecipeDef>
    <defName>LargeConstructionResearch</defName>
    <label>Large construction research project</label>
    <description>A large research project based on advanced construction techniques. Will greatly advance the colony's knowledge on building the most complex structures. 
    Requires: 300 Any stone block, 400 Steel, 550 Wood.</description>
    <jobString>Performing large construction experiment.</jobString>
    <workAmount>7500</workAmount>
    <workSpeedStat>ResearchSpeed</workSpeedStat>
    <effectWorking>Smelt</effectWorking>
    <soundWorking>Recipe_MakeStoneBlocks</soundWorking>
    <unfinishedThingDef>UnfinishedExperiment</unfinishedThingDef>
    <ingredients>
      <li>
        <filter>
          <categories>
            <li>StoneBlocks</li>
          </categories>
        </filter>
        <count>300</count>
      </li>
      <li>
        <filter>
          <thingDefs>
            <li>Steel</li>
          </thingDefs>
        </filter>
        <count>400</count>
      </li>
      <li>
        <filter>
          <thingDefs>
            <li>WoodLog</li>
          </thingDefs>
        </filter>
        <count>550</count>
      </li>
    </ingredients>
    <products>
      <FinishedExperiment>1</FinishedExperiment>
    </products>
    <fixedIngredientFilter>
      <thingDefs>
        <li>Steel</li>
        <li>WoodLog</li>
      </thingDefs>
    </fixedIngredientFilter>
    <modExtensions>
      <li Class="ImmersiveResearch.ResearchDefModExtension">
        <researchTypes>
          <li>Construction</li>
        </researchTypes>
        <ResearchSize>
          Large
        </ResearchSize>
      </li>
    </modExtensions>
  </RecipeDef>


<!-- Metallurgy -->


  <RecipeDef>
    <defName>SmallMetallurgyResearch</defName>
    <label>Small metallurgy research project</label>
    <description>A small-sized research project based on metallurgy. Will help advance the colony's knowledge on the production of basic metal products. 
    Requires: 300 Steel.</description>
    <jobString>Performing small metallurgy experiment.</jobString>
    <workAmount>1750</workAmount>
    <workSpeedStat>ResearchSpeed</workSpeedStat>
    <effectWorking>Smelt</effectWorking>
    <soundWorking>Recipe_Machining</soundWorking>
    <unfinishedThingDef>UnfinishedExperiment</unfinishedThingDef>
    <ingredients>
      <li>
        <filter>
          <thingDefs>
            <li>Steel</li>
          </thingDefs>
        </filter>
        <count>300</count>
      </li>
    </ingredients>
    <products>
      <FinishedExperiment>1</FinishedExperiment>
    </products>
    <fixedIngredientFilter>
      <thingDefs>
        <li>Steel</li>
      </thingDefs>
    </fixedIngredientFilter>
    <modExtensions>
      <li Class="ImmersiveResearch.ResearchDefModExtension">
        <researchTypes>
          <li>Metallurgy</li>
        </researchTypes>
        <ResearchSize>
            Small
        </ResearchSize>
      </li>
    </modExtensions>
  </RecipeDef>

  <RecipeDef>
    <defName>MediumMetallurgyResearch</defName>
    <label>Medium metallurgy research project</label>
    <description>A medium-sized research project based on metallurgy. Will help advance the colony's knowledge on the production of advanced metal products. 
    Requires: 400 Steel, 15 Jade, 15 Gold.</description>
    <jobString>Performing medium metallurgy experiment.</jobString>
    <workAmount>4500</workAmount>
    <workSpeedStat>ResearchSpeed</workSpeedStat>
    <effectWorking>Smelt</effectWorking>
    <soundWorking>Recipe_Machining</soundWorking>
    <unfinishedThingDef>UnfinishedExperiment</unfinishedThingDef>
    <ingredients>
      <li>
        <filter>
          <thingDefs>
            <li>Steel</li>
          </thingDefs>
        </filter>
        <count>400</count>
      </li>
      <li>
        <filter>
          <thingDefs>
            <li>Jade</li>
          </thingDefs>
        </filter>
        <count>15</count>
      </li>
          <li>
        <filter>
          <thingDefs>
            <li>Gold</li>
          </thingDefs>
        </filter>
        <count>1.5</count>
      </li>
    </ingredients>
    <products>
      <FinishedExperiment>1</FinishedExperiment>
    </products>
    <fixedIngredientFilter>
      <thingDefs>
        <li>Steel</li>
        <li>Gold</li>
        <li>Jade</li>
      </thingDefs>
    </fixedIngredientFilter>
    <modExtensions>
      <li Class="ImmersiveResearch.ResearchDefModExtension">
        <researchTypes>
          <li>Metallurgy</li>
        </researchTypes>
        <ResearchSize>
          Medium
        </ResearchSize>
      </li>
    </modExtensions>
  </RecipeDef>


<!-- Weaponry-->


  <RecipeDef>
    <defName>SmallWeaponryResearch</defName>
    <label>Small weaponry research project</label>
    <description>A small-sized research project based on the art of combat. Will help advance the colony's knowledge on the production of weaponry.
      Requires: 150 Steel, 200 Wood.</description>
    <jobString>Performing small weaponry experiment.</jobString>
    <workAmount>1750</workAmount>
    <workSpeedStat>ResearchSpeed</workSpeedStat>
    <effectWorking>Smelt</effectWorking>
    <soundWorking>Recipe_Machining</soundWorking>
    <unfinishedThingDef>UnfinishedExperiment</unfinishedThingDef>
    <ingredients>
      <li>
        <filter>
          <thingDefs>
            <li>Steel</li>
          </thingDefs>
        </filter>
        <count>150</count>
      </li>
      <li>
        <filter>
          <thingDefs>
            <li>WoodLog</li>
          </thingDefs>
        </filter>
        <count>200</count>
      </li>
    </ingredients>
    <products>
      <FinishedExperiment>1</FinishedExperiment>
    </products>
    <fixedIngredientFilter>
      <thingDefs>
        <li>Steel</li>
        <li>WoodLog</li>
      </thingDefs>
    </fixedIngredientFilter>
    <modExtensions>
      <li Class="ImmersiveResearch.ResearchDefModExtension">
        <researchTypes>
          <li>Weaponry</li>
        </researchTypes>
        <ResearchSize>
          Small
        </ResearchSize>
      </li>
    </modExtensions>
  </RecipeDef>

  <RecipeDef>
    <defName>MediumWeaponryResearch</defName>
    <label>Medium weaponry research project</label>
    <description>A medium-sized research project based on the art of combat. Will help advance the colony's knowledge on the production of slightly advanced weaponry.
      Requires: 800 Steel, 35 Uranium, 7 Components.</description>
    <jobString>Performing medium weaponry experiment.</jobString>
    <workAmount>4500</workAmount>
    <workSpeedStat>ResearchSpeed</workSpeedStat>
    <effectWorking>Smelt</effectWorking>
    <soundWorking>Recipe_Machining</soundWorking>
    <unfinishedThingDef>UnfinishedExperiment</unfinishedThingDef>
    <ingredients>
      <li>
        <filter>
          <thingDefs>
            <li>Steel</li>
          </thingDefs>
        </filter>
        <count>800</count>
      </li>
      <li>
        <filter>
          <thingDefs>
            <li>Uranium</li>
          </thingDefs>
        </filter>
        <count>3.5</count>
      </li>
      <li>
        <filter>
          <thingDefs>
            <li>ComponentIndustrial</li>
          </thingDefs>
        </filter>
        <count>7</count>
      </li>
    </ingredients>
    <products>
      <FinishedExperiment>1</FinishedExperiment>
    </products>
    <fixedIngredientFilter>
      <thingDefs>
        <li>Steel</li>
        <li>Uranium</li>
        <li>ComponentIndustrial</li>
      </thingDefs>
    </fixedIngredientFilter>
    <modExtensions>
      <li Class="ImmersiveResearch.ResearchDefModExtension">
        <researchTypes>
          <li>Weaponry</li>
        </researchTypes>
        <ResearchSize>
          Medium
        </ResearchSize>
      </li>
    </modExtensions>
  </RecipeDef>

  <RecipeDef>
    <defName>LargeWeaponryResearch</defName>
    <label>Large weaponry research project</label>
    <description>A large research project based on the art of combat. Will help advance the colony's knowledge on the production of highly advanced weaponry and armour.
      Requires: 1000 Steel, 100 Uranium, 100 Gold, 100 Jade, 10 Components.</description>
    <jobString>Performing large weaponry experiment.</jobString>
    <workAmount>7500</workAmount>
    <workSpeedStat>ResearchSpeed</workSpeedStat>
    <effectWorking>Smelt</effectWorking>
    <soundWorking>Recipe_Machining</soundWorking>
    <unfinishedThingDef>UnfinishedExperiment</unfinishedThingDef>
    <ingredients>
      <li>
        <filter>
          <thingDefs>
            <li>Steel</li>
          </thingDefs>
        </filter>
        <count>1000</count>
      </li>
      <li>
        <filter>
          <thingDefs>
            <li>Uranium</li>
          </thingDefs>
        </filter>
        <count>10.0</count>
      </li>
            <li>
        <filter>
          <thingDefs>
            <li>Gold</li>
          </thingDefs>
        </filter>
        <count>10.0</count>
      </li>
            <li>
        <filter>
          <thingDefs>
            <li>Jade</li>
          </thingDefs>
        </filter>
        <count>10.0</count>
      </li>
      <li>
        <filter>
          <thingDefs>
            <li>ComponentIndustrial</li>
          </thingDefs>
        </filter>
        <count>10</count>
      </li>
    </ingredients>
    <products>
      <FinishedExperiment>1</FinishedExperiment>
    </products>
    <fixedIngredientFilter>
      <thingDefs>
        <li>Steel</li>
        <li>Uranium</li>
        <li>Jade</li>
        <li>Gold</li>
        <li>ComponentIndustrial</li>
      </thingDefs>
    </fixedIngredientFilter>
    <modExtensions>
      <li Class="ImmersiveResearch.ResearchDefModExtension">
        <researchTypes>
          <li>Weaponry</li>
        </researchTypes>
        <ResearchSize>
          Large
        </ResearchSize>
      </li>
    </modExtensions>
  </RecipeDef>


<!-- Electrical -->


  <RecipeDef>
    <defName>SmallElectricalResearch</defName>
    <label>Small electrical research project</label>
    <description>A small-sized research project based on the usage of electricity. Will help advance the colony's knowledge on the small-scale usage of electricity.
      Requires: 400 Steel, 7 Components.</description>
    <jobString>Performing small electrical experiment.</jobString>
    <workAmount>1750</workAmount>
    <workSpeedStat>ResearchSpeed</workSpeedStat>
    <effectWorking>Smelt</effectWorking>
    <soundWorking>Recipe_Smelt</soundWorking>
    <unfinishedThingDef>UnfinishedExperiment</unfinishedThingDef>
    <ingredients>
      <li>
        <filter>
          <thingDefs>
            <li>Steel</li>
          </thingDefs>
        </filter>
        <count>400</count>
      </li>
      <li>
        <filter>
          <thingDefs>
            <li>ComponentIndustrial</li>
          </thingDefs>
        </filter>
        <count>7</count>
      </li>
    </ingredients>
    <products>
      <FinishedExperiment>1</FinishedExperiment>
    </products>
    <fixedIngredientFilter>
      <thingDefs>
        <li>Steel</li>
        <li>ComponentIndustrial</li>
      </thingDefs>
    </fixedIngredientFilter>
    <modExtensions>
      <li Class="ImmersiveResearch.ResearchDefModExtension">
        <researchTypes>
          <li>Electrical</li>
        </researchTypes>
        <ResearchSize>
          Small
        </ResearchSize>
      </li>
    </modExtensions>
  </RecipeDef>

  <RecipeDef>
    <defName>MediumElectricalResearch</defName>
    <label>Medium electrical research project</label>
    <description>A medium-sized research project based on electrical engineering. Will help advance the colony's knowledge on the production of medium-scale electrical structures.
      Requires: 400 Steel, 200 Chemfuel, 10 Components.</description>
    <jobString>Performing medium electrical experiment.</jobString>
    <workAmount>4500</workAmount>
    <workSpeedStat>ResearchSpeed</workSpeedStat>
    <effectWorking>Smelt</effectWorking>
    <soundWorking>Recipe_Smelt</soundWorking>
    <unfinishedThingDef>UnfinishedExperiment</unfinishedThingDef>
    <ingredients>
      <li>
        <filter>
          <thingDefs>
            <li>Steel</li>
          </thingDefs>
        </filter>
        <count>500</count>
      </li>
      <li>
        <filter>
          <thingDefs>
            <li>Chemfuel</li>
          </thingDefs>
        </filter>
        <count>200</count>
      </li>
      <li>
        <filter>
          <thingDefs>
            <li>ComponentIndustrial</li>
          </thingDefs>
        </filter>
        <count>10</count>
      </li>
    </ingredients>
    <products>
      <FinishedExperiment>1</FinishedExperiment>
    </products>
    <fixedIngredientFilter>
      <thingDefs>
        <li>Steel</li>
        <li>Chemfuel</li>
        <li>ComponentIndustrial</li>
      </thingDefs>
    </fixedIngredientFilter>
    <modExtensions>
      <li Class="ImmersiveResearch.ResearchDefModExtension">
        <researchTypes>
          <li>Electrical</li>
        </researchTypes>
        <ResearchSize>
          Medium
        </ResearchSize>
      </li>
    </modExtensions>
  </RecipeDef>

  <RecipeDef>
    <defName>LargeElectricalResearch</defName>
    <label>Large electrical research project</label>
    <description>A large research project based on electrical engineering. Will help advance the colony's knowledge on the production of advanced, large-scale electrical structures and products.
      Requires: 800 Steel, 400 Chemfuel, 15 Components, 50 Gold.</description>
    <jobString>Performing large electrical experiment.</jobString>
    <workAmount>7500</workAmount>
    <workSpeedStat>ResearchSpeed</workSpeedStat>
    <effectWorking>Smelt</effectWorking>
    <soundWorking>Recipe_Smelt</soundWorking>
    <unfinishedThingDef>UnfinishedExperiment</unfinishedThingDef>
    <ingredients>
      <li>
        <filter>
          <thingDefs>
            <li>Steel</li>
          </thingDefs>
        </filter>
        <count>800</count>
      </li>
      <li>
        <filter>
          <thingDefs>
            <li>Chemfuel</li>
          </thingDefs>
        </filter>
        <count>400</count>
      </li>
      <li>
        <filter>
          <thingDefs>
            <li>ComponentIndustrial</li>
          </thingDefs>
        </filter>
        <count>15</count>
      </li>
      <li>
        <filter>
          <thingDefs>
            <li>Gold</li>
          </thingDefs>
        </filter>
        <count>5.0</count>
      </li>
    </ingredients>
    <products>
      <FinishedExperiment>1</FinishedExperiment>
    </products>
    <fixedIngredientFilter>
      <thingDefs>
        <li>Steel</li>
        <li>ComponentIndustrial</li>
        <li>Chemfuel</li>
        <li>Gold</li>
      </thingDefs>
    </fixedIngredientFilter>
    <modExtensions>
      <li Class="ImmersiveResearch.ResearchDefModExtension">
        <researchTypes>
          <li>Electrical</li>
        </researchTypes>
        <ResearchSize>
          Large
        </ResearchSize>
      </li>
    </modExtensions>
  </RecipeDef>

  <RecipeDef>
    <defName>EssentialElectricalResearch</defName>
    <label>Essential electrical research project</label>
    <description>A research project based on harnessing the power of electricity. Will provide essential stepping stones in electrical research for the colony.
      Requires: 1000 Steel, 25 Uranium, 25 Gold, 10 Components.</description>
    <jobString>Performing essential electrical experiment.</jobString>
    <workAmount>4500</workAmount>
    <workSpeedStat>ResearchSpeed</workSpeedStat>
    <effectWorking>Smelt</effectWorking>
    <soundWorking>Recipe_Smelt</soundWorking>
    <unfinishedThingDef>UnfinishedExperiment</unfinishedThingDef>
    <ingredients>
      <li>
        <filter>
          <thingDefs>
            <li>Steel</li>
          </thingDefs>
        </filter>
        <count>1000</count>
      </li>
      <li>
        <filter>
          <thingDefs>
            <li>ComponentIndustrial</li>
          </thingDefs>
        </filter>
        <count>10</count>
      </li>
      <li>
        <filter>
          <thingDefs>
            <li>Uranium</li>
          </thingDefs>
        </filter>
        <count>2.5</count>
      </li>
      <li>
        <filter>
          <thingDefs>
            <li>Gold</li>
          </thingDefs>
        </filter>
        <count>2.5</count>
      </li>
    </ingredients>
    <products>
      <FinishedExperiment>1</FinishedExperiment>
    </products>
    <fixedIngredientFilter>
      <thingDefs>
        <li>Steel</li>
        <li>Gold</li>
        <li>ComponentIndustrial</li>
        <li>Uranium</li>
      </thingDefs>
    </fixedIngredientFilter>
    <modExtensions>
      <li Class="ImmersiveResearch.ResearchDefModExtension">
        <researchTypes>
          <li>Electrical</li>
        </researchTypes>
        <ResearchSize>
          Essential
        </ResearchSize>
      </li>
    </modExtensions>
  </RecipeDef>


<!-- Medical -->


  <RecipeDef>
    <defName>SmallMedicalResearch</defName>
    <label>Small medical research project</label>
    <description>A small-sized research project based on medical sciences. Will help advance the colony's knowledge on the production of basic medical products.
      Requires: 30 Herbal Medicine.</description>
    <jobString>Performing small medical experiment.</jobString>
    <workAmount>1750</workAmount>
    <workSpeedStat>ResearchSpeed</workSpeedStat>
    <effectWorking>Smelt</effectWorking>
    <soundWorking>Recipe_Tailor</soundWorking>
    <unfinishedThingDef>UnfinishedExperiment</unfinishedThingDef>
    <ingredients>
      <li>
        <filter>
          <thingDefs>
            <li>MedicineHerbal</li>
          </thingDefs>
        </filter>
        <count>30</count>
      </li>
    </ingredients>
    <products>
      <FinishedExperiment>1</FinishedExperiment>
    </products>
    <fixedIngredientFilter>
      <thingDefs>
        <li>MedicineHerbal</li>
      </thingDefs>
    </fixedIngredientFilter>
    <modExtensions>
      <li Class="ImmersiveResearch.ResearchDefModExtension">
        <researchTypes>
          <li>Medical</li>
        </researchTypes>
        <ResearchSize>
          Small
        </ResearchSize>
      </li>
    </modExtensions>
  </RecipeDef>

  <RecipeDef>
    <defName>MediumMedicalResearch</defName>
    <label>Medium medical research project</label>
    <description>A medium-sized research project based on medical sciences. Will help advance the colony's knowledge on the production of advanced medical products and techniques.
      Requires: 35 Herbal Medicine, 100 Cloth, 10 Neutroamine.</description>
    <jobString>Performing medium medical experiment.</jobString>
    <workAmount>4500</workAmount>
    <workSpeedStat>ResearchSpeed</workSpeedStat>
    <effectWorking>Smelt</effectWorking>
    <soundWorking>Recipe_Tailor</soundWorking>
    <unfinishedThingDef>UnfinishedExperiment</unfinishedThingDef>
    <ingredients>
      <li>
        <filter>
          <thingDefs>
            <li>MedicineHerbal</li>
          </thingDefs>
        </filter>
        <count>35</count>
      </li>
      <li>
        <filter>
          <thingDefs>
            <li>Cloth</li>
          </thingDefs>
        </filter>
        <count>100</count>
      </li>
      <li>
        <filter>
          <thingDefs>
            <li>Neutroamine</li>
          </thingDefs>
        </filter>
        <count>10</count>
      </li>
    </ingredients>
    <products>
      <FinishedExperiment>1</FinishedExperiment>
    </products>
    <fixedIngredientFilter>
      <thingDefs>
        <li>MedicineHerbal</li>
        <li>Neutroamine</li>
        <li>Cloth</li>
      </thingDefs>
    </fixedIngredientFilter>
    <modExtensions>
      <li Class="ImmersiveResearch.ResearchDefModExtension">
        <researchTypes>
          <li>Medical</li>
        </researchTypes>
        <ResearchSize>
          Medium
        </ResearchSize>
      </li>
    </modExtensions>
  </RecipeDef>

  <RecipeDef>
    <defName>LargeMedicalResearch</defName>
    <label>Large medical research project</label>
    <description>A large research project based on medical sciences. Will greatly advance the colony's knowledge on the production of highly advanced medical products.
      Requires: 50 Neutroamine, 45 Ambrosia, 120 Devilstrand.</description>
    <jobString>Performing large medical experiment.</jobString>
    <workAmount>7500</workAmount>
    <workSpeedStat>ResearchSpeed</workSpeedStat>
    <effectWorking>Smelt</effectWorking>
    <soundWorking>Recipe_Smelt</soundWorking>
    <unfinishedThingDef>UnfinishedExperiment</unfinishedThingDef>
    <ingredients>
      <li>
        <filter>
          <thingDefs>
            <li>Neutroamine</li>
          </thingDefs>
        </filter>
        <count>50</count>
      </li>
      <li>
        <filter>
          <thingDefs>
            <li>DevilstrandCloth</li>
          </thingDefs>
        </filter>
        <count>120</count>
      </li>
      <li>
        <filter>
          <thingDefs>
            <li>Ambrosia</li>
          </thingDefs>
        </filter>
        <count>45</count>
      </li>
    </ingredients>
    <products>
      <FinishedExperiment>1</FinishedExperiment>
    </products>
    <fixedIngredientFilter>
      <thingDefs>
        <li>Neutroamine</li>
        <li>Ambrosia</li>
        <li>DevilstrandCloth</li>
      </thingDefs>
    </fixedIngredientFilter>
    <modExtensions>
      <li Class="ImmersiveResearch.ResearchDefModExtension">
        <researchTypes>
          <li>Medical</li>
        </researchTypes>
        <ResearchSize>
          Large
        </ResearchSize>
      </li>
    </modExtensions>
  </RecipeDef>


<!-- Advanced -->


  <RecipeDef>
    <defName>SmallAdvancedResearch</defName>
    <label>Small advanced research project</label>
    <description>A small-sized research project based on high-end industrial technologies. Will provide the colony with highly advanced products and structures.
      Requires: 75 Synthread, 100 Plasteel, 10 Components.</description>
    <jobString>Performing small advanced experiment.</jobString>
    <workAmount>1750</workAmount>
    <workSpeedStat>ResearchSpeed</workSpeedStat>
    <effectWorking>Smelt</effectWorking>
    <soundWorking>Recipe_Machining</soundWorking>
    <unfinishedThingDef>UnfinishedExperiment</unfinishedThingDef>
    <ingredients>
      <li>
        <filter>
          <thingDefs>
            <li>Synthread</li>
          </thingDefs>
        </filter>
        <count>75</count>
      </li>
      <li>
        <filter>
          <thingDefs>
            <li>Plasteel</li>
          </thingDefs>
        </filter>
        <count>100</count>
      </li>
        <li>
          <filter>
            <thingDefs>
              <li>ComponentIndustrial</li>
            </thingDefs>
          </filter>
          <count>10</count>
        </li>
    </ingredients>
    <products>
      <FinishedExperiment>1</FinishedExperiment>
    </products>
    <fixedIngredientFilter>
      <thingDefs>
        <li>Synthread</li>
        <li>Plasteel</li>
        <li>ComponentIndustrial</li>
      </thingDefs>
    </fixedIngredientFilter>
    <modExtensions>
      <li Class="ImmersiveResearch.ResearchDefModExtension">
        <researchTypes>
          <li>Advanced</li>
        </researchTypes>
        <ResearchSize>
          Small
        </ResearchSize>
      </li>
    </modExtensions>
  </RecipeDef>

  <RecipeDef>
    <defName>MediumAdvancedResearch</defName>
    <label>Medium advanced research project</label>
    <description>A medium-sized research project based on high-end industrial technologies. Will provide the colony with highly advanced products and structures.
      Requires: 250 Plasteel, 15 Components, 75 Synthread, 120 Chemfuel.</description>
    <jobString>Performing medium advanced experiment.</jobString>
    <workAmount>4500</workAmount>
    <workSpeedStat>ResearchSpeed</workSpeedStat>
    <effectWorking>Smelt</effectWorking>
    <soundWorking>Recipe_Machining</soundWorking>
    <unfinishedThingDef>UnfinishedExperiment</unfinishedThingDef>
    <ingredients>
      <li>
        <filter>
          <thingDefs>
            <li>Plasteel</li>
          </thingDefs>
        </filter>
        <count>250</count>
      </li>
      <li>
        <filter>
          <thingDefs>
            <li>ComponentIndustrial</li>
          </thingDefs>
        </filter>
        <count>15</count>
      </li>
      <li>
        <filter>
          <thingDefs>
            <li>Synthread</li>
          </thingDefs>
        </filter>
        <count>75</count>
      </li>
      <li>
        <filter>
          <thingDefs>
            <li>Chemfuel</li>
          </thingDefs>
        </filter>
        <count>120</count>
      </li>
    </ingredients>
    <products>
      <FinishedExperiment>1</FinishedExperiment>
    </products>
    <fixedIngredientFilter>
      <thingDefs>
        <li>Plasteel</li>
        <li>ComponentIndustrial</li>
        <li>Chemfuel</li>
        <li>Synthread</li>
        <li>Chemfuel</li>
      </thingDefs>
    </fixedIngredientFilter>
    <modExtensions>
      <li Class="ImmersiveResearch.ResearchDefModExtension">
        <researchTypes>
          <li>Advanced</li>
        </researchTypes>
        <ResearchSize>
          Medium
        </ResearchSize>
      </li>
    </modExtensions>
  </RecipeDef>

  <RecipeDef>
    <defName>LargeAdvancedResearch</defName>
    <label>Large advanced research project</label>
    <description>A large research project based on high-end industrial technologies. Will provide the colony with large-scale advanced technologies.
      Requires: 100 Synthread, 30 Components, 200 Chemfuel, 200 Plasteel.</description>
    <jobString>Performing large advanced experiment.</jobString>
    <workAmount>7500</workAmount>
    <workSpeedStat>ResearchSpeed</workSpeedStat>
    <effectWorking>Smelt</effectWorking>
    <soundWorking>Recipe_Machining</soundWorking>
    <unfinishedThingDef>UnfinishedExperiment</unfinishedThingDef>
    <ingredients>
      <li>
        <filter>
          <thingDefs>
            <li>Synthread</li>
          </thingDefs>
        </filter>
        <count>100</count>
      </li>
      <li>
        <filter>
          <thingDefs>
            <li>ComponentIndustrial</li>
          </thingDefs>
        </filter>
        <count>30</count>
      </li>
      <li>
        <filter>
          <thingDefs>
            <li>Chemfuel</li>
          </thingDefs>
        </filter>
        <count>200</count>
      </li>
      <li>
        <filter>
          <thingDefs>
            <li>Plasteel</li>
          </thingDefs>
        </filter>
        <count>200</count>
      </li>
    </ingredients>
    <products>
      <FinishedExperiment>1</FinishedExperiment>
    </products>
    <fixedIngredientFilter>
      <thingDefs>
        <li>Synthread</li>
        <li>Plasteel</li>
        <li>Chemfuel</li>
        <li>ComponentIndustrial</li>
      </thingDefs>
    </fixedIngredientFilter>
    <modExtensions>
      <li Class="ImmersiveResearch.ResearchDefModExtension">
        <researchTypes>
          <li>Advanced</li>
        </researchTypes>
        <ResearchSize>
          Large
        </ResearchSize>
      </li>
    </modExtensions>
  </RecipeDef>

  <RecipeDef>
    <defName>EssentialAdvancedResearch</defName>
    <label>Essential advanced research project</label>
    <description>An essential research project based on high-end industrial technologies. Will provide the colony with vital technologies that will provide stepping stones to further projects.
      Requires: 100 Synthread, 25 Hyperweave, 30 Components, 200 Plasteel, 1 Techprof Subpersona Core.</description>
    <jobString>Performing essential advanced experiment.</jobString>
    <workAmount>4500</workAmount>
    <workSpeedStat>ResearchSpeed</workSpeedStat>
    <effectWorking>Smelt</effectWorking>
    <soundWorking>Recipe_Machining</soundWorking>
    <unfinishedThingDef>UnfinishedExperiment</unfinishedThingDef>
    <ingredients>
      <li>
        <filter>
          <thingDefs>
            <li>Synthread</li>
          </thingDefs>
        </filter>
        <count>100</count>
      </li>
      <li>
        <filter>
          <thingDefs>
            <li>Hyperweave</li>
          </thingDefs>
        </filter>
        <count>25</count>
      </li>
      <li>
        <filter>
          <thingDefs>
            <li>ComponentIndustrial</li>
          </thingDefs>
        </filter>
        <count>30</count>
      </li>
      <li>
        <filter>
          <thingDefs>
            <li>Plasteel</li>
          </thingDefs>
        </filter>
        <count>200</count>
      </li>
      <li>
        <filter>
          <thingDefs>
            <li>TechprofSubpersonaCore</li>
          </thingDefs>
        </filter>
        <count>1</count>
      </li>
    </ingredients>
    <products>
      <FinishedExperiment>1</FinishedExperiment>
    </products>
    <fixedIngredientFilter>
      <thingDefs>
        <li>Plasteel</li>
        <li>Synthread</li>
        <li>Hyperweave</li>
        <li>TechprofSubpersonaCore</li>
        <li>ComponentIndustrial</li>
      </thingDefs>
    </fixedIngredientFilter>
    <modExtensions>
      <li Class="ImmersiveResearch.ResearchDefModExtension">
        <researchTypes>
          <li>Advanced</li>
        </researchTypes>
        <ResearchSize>
          Essential
        </ResearchSize>
      </li>
    </modExtensions>
  </RecipeDef>


<!-- Spacer -->


  <RecipeDef>
    <defName>LargeSpacerResearch</defName>
    <label>Large spacer research project</label>
    <description>A large research project based on Glitterworld technologies. Will provide the colony with technologies only found on Glitterworlds.
      Requires: 500 Plasteel, 100 Uranium, 100 Gold, 50 Hyperweave, 10 Advanced Components.</description>
    <jobString>Performing large spacer experiment.</jobString>
    <workAmount>7500</workAmount>
    <workSpeedStat>ResearchSpeed</workSpeedStat>
    <effectWorking>Smelt</effectWorking>
    <soundWorking>Recipe_Machining</soundWorking>
    <unfinishedThingDef>UnfinishedExperiment</unfinishedThingDef>
    <ingredients>
      <li>
        <filter>
          <thingDefs>
            <li>Plasteel</li>
          </thingDefs>
        </filter>
        <count>500</count>
      </li>
      <li>
        <filter>
          <thingDefs>
            <li>Uranium</li>
          </thingDefs>
        </filter>
        <count>10.0</count>
      </li>
      <li>
        <filter>
          <thingDefs>
            <li>Gold</li>
          </thingDefs>
        </filter>
        <count>10.0</count>
      </li>
      <li>
        <filter>
          <thingDefs>
            <li>Hyperweave</li>
          </thingDefs>
        </filter>
        <count>50</count>
      </li>
      <li>
        <filter>
          <thingDefs>
            <li>ComponentSpacer</li>
          </thingDefs>
        </filter>
        <count>10</count>
      </li>
    </ingredients>
    <products>
      <FinishedExperiment>1</FinishedExperiment>
    </products>
    <fixedIngredientFilter>
      <thingDefs>
        <li>Uranium</li>
        <li>ComponentSpacer</li>
        <li>Plasteel</li>
        <li>Gold</li>
        <li>Hyperweave</li>
      </thingDefs>
    </fixedIngredientFilter>
    <modExtensions>
      <li Class="ImmersiveResearch.ResearchDefModExtension">
        <researchTypes>
          <li>Spacer</li>
        </researchTypes>
        <ResearchSize>
          Large
        </ResearchSize>
      </li>
    </modExtensions>
  </RecipeDef>


<!-- Spacecraft -->


    <RecipeDef>
    <defName>LargeSpacecraftResearch</defName>
    <label>Large spacecraft research project</label>
    <description>A large research project based on scavenged spacecraft parts and various visiting spaceships. Will provide the colony with spacecraft construction capabilities.
      Requires: 750 Plasteel, 20 Advanced Components, 500 Chemfuel, 1 Techprof Subpersona Core.</description>
    <jobString>Performing large spacecraft experiment.</jobString>
    <workAmount>7500</workAmount>
    <workSpeedStat>ResearchSpeed</workSpeedStat>
    <effectWorking>Smelt</effectWorking>
    <soundWorking>Recipe_Machining</soundWorking>
    <unfinishedThingDef>UnfinishedExperiment</unfinishedThingDef>
    <ingredients>
      <li>
        <filter>
          <thingDefs>
            <li>Plasteel</li>
          </thingDefs>
        </filter>
        <count>750</count>
      </li>
      <li>
        <filter>
          <thingDefs>
            <li>ComponentSpacer</li>
          </thingDefs>
        </filter>
        <count>20</count>
      </li>
      <li>
        <filter>
          <thingDefs>
            <li>Chemfuel</li>
          </thingDefs>
        </filter>
        <count>500</count>
      </li>
      <li>
        <filter>
          <thingDefs>
            <li>TechprofSubpersonaCore</li>
          </thingDefs>
        </filter>
        <count>1</count>
      </li>
    </ingredients>
    <products>
      <FinishedExperiment>1</FinishedExperiment>
    </products>
    <fixedIngredientFilter>
      <thingDefs>
        <li>Plasteel</li>
        <li>ComponentSpacer</li>
        <li>Chemfuel</li>
        <li>TechprofSubpersonaCore</li>
      </thingDefs>
    </fixedIngredientFilter>
    <modExtensions>
      <li Class="ImmersiveResearch.ResearchDefModExtension">
        <researchTypes>
          <li>Spacecraft</li>
        </researchTypes>
        <ResearchSize>
          Large
        </ResearchSize>
      </li>
    </modExtensions>
  </RecipeDef>


<!-- Ultratech-->

  
  <RecipeDef>
    <defName>LargeUltratechResearch</defName>
    <label>Large ultratech research project</label>
    <description>A substantial research project based on technologies observed and scavenged from the Shattered Empire that has colonised this world. 
      Requires: 750 Plasteel, 20 Advanced Components, 500 Chemfuel, 1 Techprof Subpersona Core.</description>
    <jobString>Performing large spacecraft experiment.</jobString>
    <workAmount>7500</workAmount>
    <workSpeedStat>ResearchSpeed</workSpeedStat>
    <effectWorking>Smelt</effectWorking>
    <soundWorking>Recipe_Machining</soundWorking>
    <unfinishedThingDef>UnfinishedExperiment</unfinishedThingDef>
    <ingredients>
      <li>
        <filter>
          <thingDefs>
            <li>Plasteel</li>
          </thingDefs>
        </filter>
        <count>750</count>
      </li>
      <li>
        <filter>
          <thingDefs>
            <li>ComponentSpacer</li>
          </thingDefs>
        </filter>
        <count>20</count>
      </li>
      <li>
        <filter>
          <thingDefs>
            <li>Chemfuel</li>
          </thingDefs>
        </filter>
        <count>500</count>
      </li>
      <li>
        <filter>
          <thingDefs>
            <li>TechprofSubpersonaCore</li>
          </thingDefs>
        </filter>
        <count>1</count>
      </li>
    </ingredients>
    <products>
      <FinishedExperiment>1</FinishedExperiment>
    </products>
    <fixedIngredientFilter>
      <thingDefs>
        <li>Plasteel</li>
        <li>ComponentSpacer</li>
        <li>Chemfuel</li>
        <li>TechprofSubpersonaCore</li>
      </thingDefs>
    </fixedIngredientFilter>
    <modExtensions>
      <li Class="ImmersiveResearch.ResearchDefModExtension">
        <researchTypes>
          <li>Ultra</li>
        </researchTypes>
        <ResearchSize>
          Large
        </ResearchSize>
      </li>
    </modExtensions>
  </RecipeDef>
  
    <RecipeDef>
    <defName>UnknownModResearch</defName>
    <label>Mod research project</label>
    <description>A research project based on rumours and knowledge passed on from visitors. Will provide the colony with unique, bespoke research projects. (This experiment will unlock any random non-vanilla research project).
      Requires: 750 Silver.</description>
    <jobString>Performing mod experiment.</jobString>
    <workAmount>4500</workAmount>
    <workSpeedStat>ResearchSpeed</workSpeedStat>
    <effectWorking>Smelt</effectWorking>
    <soundWorking>Recipe_Smelt</soundWorking>
    <unfinishedThingDef>UnfinishedExperiment</unfinishedThingDef>
    <ingredients>
      <li>
        <filter>
          <thingDefs>
            <li>Silver</li>
          </thingDefs>
        </filter>
        <count>75.0</count>
      </li>
    </ingredients>
    <products>
      <FinishedExperiment>1</FinishedExperiment>
    </products>
    <fixedIngredientFilter>
      <thingDefs>
        <li>Silver</li>
      </thingDefs>
    </fixedIngredientFilter>
    <modExtensions>
      <li Class="ImmersiveResearch.ResearchDefModExtension">
        <researchTypes>
          <li>Mod</li>
        </researchTypes>
        <ResearchSize>
          Unknown
        </ResearchSize>
      </li>
    </modExtensions>
  </RecipeDef>
  
</Defs>

